signal,threshold,accuracy,weighted_f1,large_usage,avg_cost,cost_reduction
small_margin,0.00026282668,0.7965611441426964,0.7975547269162069,0.0001606941989394183,1.003856660774546,0.9598457335690181
small_margin,0.003525116257733334,0.7967218383416359,0.7977168421405858,0.0011248593925759281,1.0269966254218224,0.9589201349831271
small_margin,0.006787405835466667,0.7973646151373935,0.7983487361403756,0.0019283303872730194,1.0462799292945524,0.9581488028282179
small_margin,0.010049695413200001,0.7986501687289089,0.7996384432279383,0.004017354973485457,1.096416519363651,0.9561433392254539
small_margin,0.013311984990933334,0.7992929455246666,0.8002941131984023,0.005784991161819059,1.1388397878836574,0.9544464084846537
small_margin,0.01657427456866667,0.7999357223204242,0.8009369520164444,0.006749156355455568,1.1619797525309337,0.9535208098987626
small_margin,0.019836564146400004,0.8002571107183031,0.8012396182227053,0.008195404145910332,1.196689699501848,0.952132412019926
small_margin,0.023098853724133336,0.8008998875140607,0.8018570091065893,0.009802346135304516,1.2352563072473084,0.9505897477101076
small_margin,0.02636114330186667,0.801381970110879,0.8023031146778583,0.011087899726819861,1.2661095934436766,0.949355616262253
small_margin,0.029623432879600006,0.8018640527076972,0.8027694833162551,0.01221275911939579,1.293106218865499,0.94827575124538
small_margin,0.03288572245733334,0.8020247469066367,0.8029225876777774,0.013498312710911136,1.3239595050618673,0.9470416197975253
small_margin,0.03614801203506667,0.8028282179013337,0.8037309572534554,0.014783866302426483,1.3548127912582357,0.9458074883496705
small_margin,0.03941030161280001,0.8036316888960309,0.8045223005369438,0.016390808291820665,1.3933793990036958,0.9442648240398521
small_margin,0.04267259119053334,0.8042744656917885,0.8051672995237793,0.018158444480154266,1.4358026675237023,0.9425678932990519
small_margin,0.04593488076826667,0.8050779366864856,0.8059653993058644,0.019926080668487868,1.4782259360437089,0.9408709625582516
small_margin,0.049197170346000005,0.8058814076811827,0.806746555761732,0.021050940061063797,1.5052225614655312,0.9397910975413788
small_margin,0.05245945992373334,0.8062027960790615,0.8070707609685054,0.02265788205045798,1.5437891692109915,0.9382484332315604
small_margin,0.055721749501466675,0.8062027960790615,0.8070707609685054,0.022979270448336815,1.5515024907600836,0.9379399003695966
small_margin,0.05898403907920001,0.8062027960790615,0.8070512908434864,0.024104129840912744,1.5784991161819057,0.9368600353527238
small_margin,0.06224632865693334,0.8070062670737587,0.8078544593837407,0.025550377631367506,1.6132090631528202,0.9354716374738872
small_margin,0.06550861823466667,0.807166961272698,0.8080180370038195,0.026835931222882855,1.6440623493491886,0.9342375060260324
small_margin,0.0687709078124,0.8074883496705769,0.8083318684555119,0.027478708018640528,1.6594889924473728,0.9336204403021051
small_margin,0.07203319739013334,0.8076490438695163,0.8085064850458543,0.028442873212277037,1.6826289570946489,0.9326948417162141
small_margin,0.07529548696786667,0.8078097380684557,0.8086701086139689,0.02908565000803471,1.6980556001928329,0.9320777759922867
small_margin,0.0785577765456,0.8076490438695163,0.8085061842383875,0.03004981520167122,1.7211955648401092,0.9311521774063957
small_margin,0.08182006612333334,0.807166961272698,0.808028203266605,0.031496062992125984,1.7559055118110236,0.9297637795275591
small_margin,0.08508235570106668,0.8073276554716374,0.8081811616305512,0.032942310782580746,1.790615458781938,0.9283753816487225
small_margin,0.0883446452788,0.8078097380684557,0.8086489341740234,0.03390647597621726,1.8137554234292144,0.9274497830628314
small_margin,0.09160693485653333,0.8082918206652739,0.809126279436826,0.035834806363490276,1.8600353527237665,0.9255985858910494
small_margin,0.09486922443426667,0.8089345974610317,0.8097576824279947,0.036959665756066205,1.8870319781455889,0.9245187208741764
small_margin,0.098131514012,0.8090952916599711,0.8099219441158113,0.037763136750763295,1.9063152820183191,0.9237473887192672
small_margin,0.10139380358973334,0.8090952916599711,0.8099219441158113,0.03872730194439981,1.9294552466655954,0.9228217901333762
small_margin,0.10465609316746667,0.8090952916599711,0.8099219441158113,0.03920938454121806,1.9410252289892336,0.9223589908404306
small_margin,0.1079183827452,0.8089345974610317,0.8097576824279947,0.039852161336975736,1.9564518720874178,0.9217419251165033
small_margin,0.11118067232293334,0.8092559858589105,0.8100944047959654,0.040977020729551665,1.98344849750924,0.9206620600996304
small_margin,0.11444296190066668,0.80941668005785,0.8102587971057759,0.04194118592318817,2.006588462156516,0.9197364615137393
small_margin,0.11770525147840001,0.8097380684557287,0.8105827489826335,0.04242326852000643,2.018158444480154,0.9192736622207939
small_margin,0.12096754105613335,0.8100594568536076,0.8109109174585156,0.04338743371364294,2.0412984091274304,0.9183480636349028
small_margin,0.12422983063386667,0.8110236220472441,0.8118465869554952,0.0448336815040977,2.076008356098345,0.9169596657560662
small_margin,0.1274921202116,0.8116663988430017,0.8124754872967452,0.04595854089667363,2.1030049815201672,0.9158798007391933
small_margin,0.13075440978933334,0.8118270930419412,0.8126391219120869,0.04692270609031014,2.1261449461674435,0.9149542021533023
small_margin,0.13401669936706667,0.8119877872408806,0.8127923619686584,0.047565482886067816,2.1415715892656277,0.9143371364293749
small_margin,0.1372789889448,0.8118270930419412,0.8126283809183391,0.04901173067652258,2.1762815362365417,0.9129487385505384
small_margin,0.14054127852253334,0.8124698698376989,0.8132723448915472,0.05061867266591676,2.2148481439820022,0.91140607424072
small_margin,0.14380356810026668,0.8126305640366382,0.8134135609326845,0.05190422625743211,2.2457014301783707,0.9101719427928652
small_margin,0.147065857678,0.8119877872408806,0.8127919758029404,0.05302908565000804,2.272698055600193,0.9090920777759923
small_margin,0.15032814725573335,0.81214848143982,0.8129537718349553,0.05399325084364454,2.295838020247469,0.9081664791901012
small_margin,0.15359043683346668,0.8123091756387595,0.813113020896708,0.054957416037281055,2.318977984894745,0.9072408806042102
small_margin,0.15685272641120002,0.8126305640366382,0.8134164154677056,0.056082275429856984,2.3459746103165675,0.9061610155873373
small_margin,0.16011501598893335,0.8129519524345171,0.8137298006530678,0.05656435802667524,2.3575445926402057,0.9056982162943917
small_margin,0.1633773055666667,0.813273340832396,0.8140349168329878,0.05688574642455407,2.3652579141892978,0.9053896834324281
small_margin,0.16663959514440002,0.8135947292302748,0.8143409045499289,0.057528523220311746,2.380684557287482,0.9047726177085007
small_margin,0.16990188472213336,0.8137554234292143,0.8145025178088916,0.05849268841394826,2.4038245219347583,0.9038470191226097
small_margin,0.1731641742998667,0.814076811827093,0.8148168386709089,0.05913546520970593,2.4192511650329425,0.9032299533986823
small_margin,0.1764264638776,0.814076811827093,0.8148168386709089,0.06026032460228186,2.446247790454765,0.9021500883818094
small_margin,0.17968875345533333,0.814076811827093,0.8148150591687888,0.061224489795918366,2.4693877551020407,0.9012244897959184
small_margin,0.18295104303306667,0.8147195886228508,0.8154344818272509,0.062349349188494295,2.496384380523863,0.9001446247790454
small_margin,0.1862133326108,0.8150409770207295,0.815739938494632,0.0633135143821308,2.5195243451711393,0.8992190261931544
small_margin,0.18947562218853334,0.8156837538164873,0.8163804646219937,0.06427767957576731,2.5426643098184156,0.8982934276072634
small_margin,0.19273791176626667,0.816005142214366,0.8166987256948472,0.06524184476940383,2.565804274465692,0.8973678290213724
small_margin,0.196000201344,0.8166479190101237,0.8173281509872855,0.0666880925598586,2.6005142214366064,0.8959794311425358
small_margin,0.19926249092173334,0.8169693074080026,0.8176318177385445,0.06749156355455568,2.6197975253093366,0.8952080989876265
small_margin,0.20252478049946668,0.8172906958058814,0.817948003090933,0.06813434035031335,2.6352241684075204,0.8945910332636992
small_margin,0.2057870700772,0.8174513900048208,0.8180927634195326,0.06909850554394986,2.6583641330547967,0.8936654346778081
small_margin,0.20904935965493335,0.8176120842037602,0.818257037083199,0.0694198939418287,2.666077454603889,0.8933569018158445
small_margin,0.21231164923266668,0.8180941668005784,0.8187493433490245,0.07006267073758637,2.681504097702073,0.8927398360919171
small_margin,0.21557393881040002,0.8184155551984573,0.8190649769000424,0.07054475333440463,2.693074080025711,0.8922770367989715
small_margin,0.21883622838813335,0.8188976377952756,0.8195354777338573,0.07183030692591998,2.7239273662220795,0.8910429053511169
small_margin,0.2220985179658667,0.8192190261931545,0.8198419630725869,0.07263377792061707,2.7432106700948093,0.8902715731962076
small_margin,0.22536080754360002,0.8195404145910332,0.8201582387559544,0.07359794311425358,2.7663506347420856,0.8893459746103166
small_margin,0.22862309712133336,0.8198618029889121,0.8204739859830028,0.07408002571107183,2.777920617065724,0.888883175317371
small_margin,0.2318853866990667,0.820183191386791,0.8207783390021568,0.0747228025068295,2.793347260163908,0.8882661095934437
small_margin,0.23514767627680003,0.8205045797846697,0.8210960595915577,0.07584766189940544,2.8203438855857303,0.8871862445765708
small_margin,0.23840996585453336,0.820986662381488,0.8215827300615552,0.07681182709304193,2.8434838502330066,0.8862606459906798
small_margin,0.2416722554322667,0.8213080507793669,0.8218891271156288,0.0780973806845573,2.874337136429375,0.885026514542825
small_margin,0.24493454501,0.8217901333761851,0.822382591638736,0.07970432267395147,2.9129037441748356,0.8834838502330066
small_margin,0.24819683458773334,0.8219508275751245,0.8225368459133683,0.08050779366864856,2.9321870480475654,0.8827125180780974
small_margin,0.2514591241654667,0.8219508275751245,0.8225250762908684,0.08131126466334565,2.951470351920296,0.8819411859231882
small_margin,0.2547214137432,0.8224329101719428,0.82300402169933,0.08227542985698216,2.974610316567572,0.8810155873372971
small_margin,0.25798370332093334,0.8224329101719428,0.8230032963418286,0.08307890085167925,2.9938936204403017,0.8802442551823879
small_margin,0.2612459928986667,0.8227542985698216,0.8233198344431046,0.08404306604531576,3.0170335850875785,0.8793186565964969
small_margin,0.2645082824764,0.8227542985698216,0.8233202781894841,0.08468584284107343,3.0324602281857627,0.8787015908725695
small_margin,0.26777057205413335,0.8232363811666399,0.8237793004163526,0.0861320906315282,3.0671701751566767,0.8773131929937329
small_margin,0.2710328616318667,0.8233970753655793,0.8239403743706126,0.08693556162622529,3.086453479029407,0.8765418608388237
small_margin,0.2742951512096,0.8235577695645188,0.8240946878683482,0.0878997268198618,3.1095934436766832,0.8756162622529327
small_margin,0.27755744078733335,0.8238791579623975,0.8244123610366473,0.08870319781455889,3.1288767475494135,0.8748449300980234
small_margin,0.2808197303650667,0.8245219347581553,0.8250467441387415,0.08982805720713483,3.155873372971236,0.8737650650811506
small_margin,0.2840820199428,0.824843323156034,0.8253433710313315,0.09079222240077134,3.179013337618512,0.8728394664952595
small_margin,0.28734430952053336,0.8254860999517918,0.8259882870244404,0.09207777599228668,3.2098666238148805,0.8716053350474048
small_margin,0.2906065990982667,0.8251647115539129,0.8256704797975064,0.09272055278804435,3.2252932669130647,0.8709882693234774
small_margin,0.29386888867600003,0.8253254057528523,0.8258230741929932,0.09288124698698377,3.2291499276876108,0.8708340028924956
small_margin,0.29713117825373336,0.8251647115539129,0.8256475786542146,0.09416680057849912,3.2600032138839787,0.8695998714446409
small_margin,0.3003934678314667,0.8253254057528523,0.8258001687832719,0.09513096577213563,3.283143178531255,0.8686742728587498
small_margin,0.30365575740920003,0.8256467941507312,0.8261253564464954,0.09641651936365098,3.313996464727623,0.8674401414108951
small_margin,0.30691804698693337,0.8258074883496705,0.8262765985219789,0.09721999035834807,3.3332797686003537,0.8666688092559859
small_margin,0.3101803365646667,0.8258074883496705,0.8262727030807421,0.09850554394986341,3.3641330547967216,0.8654346778081311
small_margin,0.31344262614240004,0.8258074883496705,0.8262643725986606,0.09963040334243933,3.391129680218544,0.8643548127912583
small_margin,0.3167049157201334,0.8256467941507312,0.8260995277128947,0.10075526273501527,3.4181263056403663,0.8632749477743853
small_margin,0.3199672052978667,0.8254860999517918,0.8259490415538397,0.10188012212759119,3.4451229310621887,0.8621950827575124
small_margin,0.32322949487560004,0.8256467941507312,0.8261019775762164,0.10300498152016713,3.472119556484011,0.8611152177406396
small_margin,0.3264917844533334,0.8262895709464888,0.8267389734016642,0.1046119235095613,3.5106861642294716,0.8595725534308212
small_margin,0.3297540740310667,0.8264502651454283,0.8268961839790259,0.10605817130001607,3.545396111200386,0.8581841555519846
small_margin,0.33301636360880005,0.8269323477422466,0.8273888095466124,0.10798650168728909,3.591676040494938,0.8563329583802025
small_margin,0.3362786531865334,0.8272537361401253,0.8276949773719229,0.10878997268198617,3.610959344367668,0.8555616262252933
small_margin,0.3395409427642667,0.8274144303390648,0.8278557822402972,0.11007552627350152,3.641812630564037,0.8543274947774385
small_margin,0.34280323234200005,0.8274144303390648,0.8278582283897289,0.11136107986501688,3.672665916760405,0.8530933633295839
small_margin,0.3460655219197334,0.8272537361401253,0.8276661093205853,0.11312871605335048,3.7150891852804113,0.8513964325887835
small_margin,0.34932781149746667,0.8275751245380042,0.82797955258607,0.1142535754459264,3.7420858107022337,0.8503165675719107
small_margin,0.3525901010752,0.8280572071348224,0.8284521636303134,0.11537843483850233,3.769082436124056,0.8492367025550378
small_margin,0.35585239065293334,0.8283785955327013,0.8287699689306426,0.11602121163426,3.7845090792222402,0.8486196368311104
small_margin,0.35911468023066667,0.8288606781295196,0.8292557909600781,0.11698537682789652,3.8076490438695165,0.8476940382452194
small_margin,0.3623769698084,0.829021372328459,0.829408964239899,0.1177888478225936,3.8269323477422468,0.8469227060903102
small_margin,0.36563925938613334,0.8296641491242166,0.8300545112791317,0.11955648401092721,3.869355616262253,0.8452257753495098
small_margin,0.3689015489638667,0.829824843323156,0.830215207493444,0.11987787240880604,3.8770689378113445,0.8449172424875462
small_margin,0.3721638385416,0.8301462317210349,0.8305148340921696,0.12180620279607907,3.923348867105897,0.8430660453157641
small_margin,0.37542612811933335,0.8303069259199742,0.8306698505560632,0.12277036798971556,3.9464888317531734,0.8421404467298731
small_margin,0.3786884176970667,0.8311103969146714,0.8314701737527627,0.12357383898441267,3.965772135625904,0.8413691145749638
small_margin,0.3819507072748,0.8314317853125502,0.8317863405522451,0.12485939257592801,3.996625421822272,0.8401349831271091
small_margin,0.38521299685253335,0.8314317853125502,0.8317859711893585,0.12614494616744334,4.0274787080186405,0.8389008516792544
small_margin,0.3884752864302667,0.8320745621083079,0.8324258471536278,0.1275911939578981,4.062188654989555,0.8375124538004178
small_margin,0.391737576008,0.8319138679093685,0.8322724545126096,0.12903744174835288,4.096898601960469,0.8361240559215812
small_margin,0.39499986558573336,0.8322352563072473,0.8325857051078002,0.13032299533986824,4.127751888156838,0.8348899244737265
small_margin,0.3982621551634667,0.8322352563072473,0.8325857051078002,0.13144785473244416,4.15474851357866,0.8338100594568536
small_margin,0.4015244447412,0.8325566447051261,0.8329191572537501,0.1333761851197172,4.201028442873213,0.8319588622850715
small_margin,0.40478673431893336,0.8331994215008838,0.8335616852401688,0.13514382130805078,4.243451711393218,0.8302619315442713
small_margin,0.4080490238966667,0.8333601156998233,0.8337263683296138,0.13594729230274788,4.26273501526595,0.829490599389362
small_margin,0.41131131347440003,0.8340028924955809,0.8343495776022013,0.13771492849108147,4.305158283785955,0.8277936686485619
small_margin,0.41457360305213337,0.8340028924955809,0.8343577497048932,0.13867909368471798,4.3282982484332315,0.8268680700626707
small_margin,0.4178358926298667,0.833681504097702,0.8340366213933473,0.14028603567411216,4.366864856178692,0.8253254057528523
small_margin,0.42109818220760004,0.8340028924955809,0.8343646257456276,0.14157158926562752,4.39771814237506,0.8240912743049976
small_margin,0.42436047178533337,0.833681504097702,0.8340446009821783,0.14285714285714285,4.428571428571429,0.8228571428571428
small_margin,0.4276227613630667,0.8340028924955809,0.8343673550433356,0.14494616744335528,4.478708018640527,0.820851679254379
small_margin,0.43088505094080004,0.8343242808934598,0.83468369829967,0.1459103326369918,4.501847983287803,0.8199260806684878
small_margin,0.4341473405185334,0.8346456692913385,0.8349970877286768,0.14719588622850716,4.532701269484171,0.8186919492206332
small_margin,0.4374096300962667,0.8344849750923992,0.8348416234747946,0.1476779688253254,4.54427125180781,0.8182291499276876
small_margin,0.44067191967400005,0.8346456692913385,0.8349940931213733,0.1492849108147196,4.58283785955327,0.8166864856178692
small_margin,0.4439342092517334,0.834806363490278,0.8351587610506056,0.15089185280411377,4.6214044672987304,0.8151438213080507
small_margin,0.4471964988294667,0.8354491402860357,0.8357832197575651,0.1520167121966897,4.648401092720553,0.8140639562911779
small_margin,0.45045878840720005,0.8357705286839145,0.8360917776276768,0.1529808773903262,4.671541057367829,0.8131383577052869
small_margin,0.4537210779849334,0.8360919170817933,0.8364081520014233,0.15410573678290213,4.698537682789651,0.812058492688414
small_margin,0.4569833675626667,0.8359312228828539,0.8362603614879107,0.1555519845733569,4.733247629760566,0.8106700948095773
small_margin,0.46024565714040006,0.8360919170817933,0.8364298957497615,0.15715892656275107,4.7718142375060255,0.809127430499759
small_margin,0.4635079467181334,0.8362526112807328,0.8365849938942237,0.15876586855214528,4.810380845251487,0.8075847661899405
small_margin,0.4667702362958667,0.8364133054796722,0.8367496548267638,0.16069419893941828,4.856660774546039,0.8057335690181584
small_margin,0.47003252587360006,0.8362526112807328,0.8365861814341693,0.16133697573517597,4.872087417644224,0.805116503294231
small_margin,0.4732948154513334,0.8362526112807328,0.8365788585284613,0.16197975253093364,4.887514060742408,0.8044994375703036
small_margin,0.47655710502906673,0.8362526112807328,0.8365644438477081,0.16278322352563074,4.906797364615137,0.8037281054153945
small_margin,0.47981939460680006,0.8365739996786116,0.8368936572575774,0.16439016551502492,4.945363972360598,0.8021854411055761
small_margin,0.4830816841845334,0.8367346938775511,0.837047872508808,0.16551502490760084,4.97236059778242,0.8011055760887031
small_margin,0.48634397376226673,0.8368953880764904,0.8372081448998685,0.16680057849911617,5.003213883978788,0.7998714446408485
small_margin,0.48960626334,0.8365739996786116,0.8368904340312836,0.16776474369275268,5.026353848626064,0.7989458460549574
small_margin,0.49286855291773335,0.8373774706733087,0.837672721152968,0.16905029728426804,5.057207134822433,0.7977117146071027
small_margin,0.4961308424954667,0.837859553270127,0.8381322686537637,0.17033585087578337,5.088060421018801,0.796477583159248
small_margin,0.4993931320732,0.8380202474690663,0.8382968653826954,0.17130001606941989,5.111200385666077,0.795551984573357
small_margin,0.5026554216509334,0.8383416358669452,0.8386244707877745,0.17258556966093525,5.142053671862446,0.7943178531255022
small_margin,0.5059177112286667,0.8388237184637635,0.8391149857487208,0.17467459424714768,5.192190261931544,0.7923123895227382
small_margin,0.5091800008064,0.8389844126627028,0.8392709242504067,0.17515667684396594,5.203760244255182,0.7918495902297927
small_margin,0.5124422903841334,0.8391451068616423,0.8394242195616383,0.1766029246344207,5.238470191226097,0.7904611923509561
small_margin,0.5157045799618667,0.8396271894584606,0.8399025967409511,0.17853125502169373,5.284750120520649,0.7886099951791741
small_margin,0.5189668695396,0.8396271894584606,0.8399069436333155,0.18029889121002732,5.327173389040656,0.7869130644383737
small_margin,0.5222291591173334,0.8397878836574,0.8400703850502459,0.18142375060260324,5.354170014462477,0.7858331994215009
small_margin,0.5254914486950667,0.8396271894584606,0.8399058146818519,0.1827093041941186,5.385023300658847,0.7845990679736461
small_margin,0.5287537382728,0.8399485778563394,0.8402319178438248,0.18399485778563393,5.415876586855214,0.7833649365257914
small_margin,0.5320160278505334,0.8402699662542182,0.8405413487576637,0.18511971717820988,5.442873212277037,0.7822850715089185
small_margin,0.5352783174282667,0.8404306604531576,0.8406876048262446,0.18688735336654347,5.485296480797043,0.7805881407681183
small_margin,0.538540607006,0.8405913546520971,0.8408393004347658,0.18833360115699824,5.5200064277679575,0.7791997428892817
small_margin,0.5418028965837334,0.8410734372489154,0.8413194370532715,0.19026193154427126,5.56628635706251,0.7773485457174996
small_margin,0.5450651861614667,0.8409127430499759,0.8411657410637591,0.19090470834002893,5.581713000160694,0.7767314799935723
small_margin,0.5483274757392,0.8412341314478547,0.8414898367257124,0.19202956773260485,5.608709625582517,0.7756516149766993
small_margin,0.5515897653169334,0.8413948256467941,0.84165001891493,0.19315442712518077,5.635706251004338,0.7745717499598265
small_margin,0.5548520548946667,0.841716214044673,0.8419518935831676,0.19476136911457495,5.674272858749799,0.773029085650008
small_margin,0.5581143444724,0.8418769082436124,0.8421087140387697,0.19620761690502972,5.708982805720713,0.7716406877711715
small_margin,0.5613766340501334,0.8421982966414913,0.8424099788919583,0.1978145588944239,5.7475494134661735,0.770098023461353
small_margin,0.5646389236278667,0.8428410734372489,0.8430369859710589,0.19910011248593926,5.778402699662542,0.7688638920134984
small_margin,0.5679012132056,0.8431624618351278,0.8433519107075622,0.20038566607745462,5.809255985858911,0.7676297605656436
small_margin,0.5711635027833334,0.8433231560340672,0.843520264245688,0.20279607906154587,5.867105897477101,0.765315764100916
small_margin,0.5744257923610667,0.8430017676361883,0.8432145155734676,0.2047244094488189,5.913385826771654,0.7634645669291339
small_margin,0.5776880819388001,0.8431624618351278,0.8433794099089634,0.20665273983609192,5.959665756066206,0.7616133697573517
small_margin,0.5809503715165334,0.8431624618351278,0.8433841091857176,0.20761690502972843,5.982805720713483,0.7606877711714607
small_margin,0.5842126610942667,0.8434838502330065,0.8437072553903464,0.20890245862124376,6.013659006909851,0.759453639723606
small_margin,0.5874749506720001,0.843644544431946,0.843858298086177,0.21147356580427445,6.075365579302587,0.7569853768278965
small_margin,0.5907372402497334,0.844448015426643,0.8446392558655829,0.21324120199260807,6.1177888478225935,0.7552884460870962
small_margin,0.5939995298274667,0.8447694038245219,0.8449651543891565,0.21484814398200225,6.156355455568054,0.7537457817772778
small_margin,0.5972618194052001,0.8446087096255825,0.8448083084139913,0.21565161497669935,6.175638759440784,0.7529744496223686
small_margin,0.6005241089829334,0.8454121806202796,0.8456116867901323,0.2177406395629118,6.225775349509883,0.7509689860196047
small_margin,0.6037863985606667,0.8457335690181584,0.8459298476423555,0.21950827575124537,6.268198618029889,0.7492720552788044
small_margin,0.6070486881384001,0.8457335690181584,0.8459298476423555,0.22095452354170014,6.302908565000804,0.7478836573999679
small_margin,0.6103109777161334,0.8458942632170978,0.8460842333070981,0.2224007713321549,6.337618511971717,0.7464952595211314
small_margin,0.6135732672938667,0.8463763458139161,0.8465653946812453,0.2248111843162462,6.395468423589909,0.7441812630564036
small_margin,0.6168355568716001,0.8465370400128556,0.8467302757994872,0.22657882050457978,6.437891692109915,0.7424843323156034
small_margin,0.6200978464493334,0.8470191226096738,0.8472054590785817,0.22866784509079222,6.4880282821790125,0.7404788687128395
small_margin,0.6233601360270667,0.8476618994054315,0.8478472987304642,0.23059617547806524,6.534308211473566,0.7386276715410574
small_margin,0.6266224256048001,0.8478225936043708,0.8479974484419815,0.23220311746745942,6.572874819219026,0.7370850072312389
small_margin,0.6298847151825334,0.8478225936043708,0.8479915984943355,0.23348867105897478,6.603728105415395,0.7358508757833842
small_margin,0.6331470047602668,0.8483046762011891,0.8484757437136753,0.23509561304836896,6.642294713160855,0.7343082114735657
small_margin,0.6364092943380001,0.848626064599068,0.8487900929596662,0.23654186083882373,6.67700466013177,0.7329198135947292
small_margin,0.6396715839157334,0.8489474529969468,0.8490987153763887,0.23766672023139965,6.704001285553591,0.7318399485778564
small_margin,0.6429338734934668,0.8492688413948256,0.8494164376508397,0.24007713321549093,6.761851197171783,0.7295259521131288
small_margin,0.6461961630712001,0.8492688413948256,0.8494142681298371,0.24184476940382452,6.804274465691789,0.7278290213723284
small_margin,0.6494584526489334,0.8497509239916439,0.8498905486240197,0.24329101719427929,6.838984412662703,0.7264406234934919
small_margin,0.6527207422266668,0.8500723123895227,0.8501982766141716,0.24457657078579464,6.8698376988590715,0.7252064920456371
small_margin,0.6559830318044001,0.8502330065884621,0.850352522549378,0.2452193475815523,6.885264341957256,0.7245894263217098
small_margin,0.6592453213821334,0.8503937007874016,0.8504900245905107,0.247790454764583,6.946970914349992,0.7221211634260003
small_margin,0.6625076109598668,0.850554394986341,0.8506587836451599,0.2495580909529166,6.989394182869998,0.7204242326852001
small_margin,0.6657699005376001,0.8507150891852804,0.8508091727817092,0.25100433874337136,7.024104129840913,0.7190358348063635
small_margin,0.6690321901153334,0.8510364775831593,0.8511316179286942,0.2532540575285232,7.078097380684556,0.7168761047726178
small_margin,0.6722944796930668,0.8515185601799775,0.8516132754026253,0.2538968343242809,7.0935240237827415,0.7162590390486903
small_margin,0.6755567692708001,0.8516792543789169,0.8517671481723951,0.2551823879157962,7.12437730997911,0.7150249076008356
small_margin,0.6788190588485334,0.8520006427767958,0.8520975615824006,0.25807488349670576,7.193797203920939,0.7122481118431625
small_margin,0.6820813484262668,0.852482725373614,0.8525605413350308,0.26080668487867587,7.259360437088221,0.7096255825164712
small_margin,0.6853436380040001,0.8521613369757352,0.8522349399722426,0.26321709786276715,7.3172103487064115,0.7073115860517436
small_margin,0.6886059275817334,0.8518399485778564,0.8518991361370423,0.2661095934436767,7.38663024264824,0.7045347902940704
small_margin,0.6918682171594668,0.8531255021693717,0.8531530659840268,0.2691627832235256,7.4599067973646145,0.7016037281054155
small_margin,0.6951305067372001,0.8531255021693717,0.8531583048417126,0.27189458460549576,7.525470030531898,0.698981198778724
small_margin,0.6983927963149333,0.8536075847661899,0.8536222161479742,0.27366222079382935,7.567893299051905,0.6972842680379239
small_margin,0.7016550858926667,0.8536075847661899,0.8536225916296238,0.27526916278322355,7.606459906797365,0.6957416037281055
small_margin,0.7049173754704,0.8539289731640688,0.8539417837404253,0.27816165836413304,7.675879800739193,0.6929648079704323
small_margin,0.7081796650481333,0.854411055760887,0.8544418347565921,0.2810541539450426,7.745299694681021,0.6901880122127592
small_margin,0.7114419546258667,0.8545717499598264,0.8545964403255163,0.2829824843323156,7.791579623975574,0.688336815040977
small_margin,0.7147042442036,0.8550538325566447,0.8550890667483616,0.2863570625100434,7.872569500241042,0.6850972199903583
small_margin,0.7179665337813333,0.8550538325566447,0.8550943342906376,0.2882853928973164,7.918849429535594,0.6832460228185763
small_margin,0.7212288233590667,0.8550538325566447,0.8550913627626067,0.2906958058814077,7.976699341153784,0.6809320263538486
small_margin,0.7244911129368,0.8550538325566447,0.8550917745219969,0.29230274787080185,8.015265948899245,0.6793893620440302
small_margin,0.7277534025145334,0.8558573035513418,0.855882664728278,0.29503454925277195,8.080829182066527,0.676766832717339
small_margin,0.7310156920922667,0.8558573035513418,0.855879762205549,0.2971235738389844,8.130965772135626,0.674761369114575
small_margin,0.73427798167,0.8558573035513418,0.8558774748743277,0.2992125984251969,8.181102362204726,0.672755905511811
small_margin,0.7375402712477334,0.8556966093524023,0.8557200195636723,0.3014623172103487,8.235095613048369,0.6705961754780653
small_margin,0.7408025608254667,0.8556966093524023,0.8557203802474451,0.30451550699019764,8.308372167764743,0.6676651132894103
small_margin,0.7440648504032,0.8560179977502812,0.8560425992819134,0.3074080025711072,8.377792061706572,0.664888317531737
small_margin,0.7473271399809334,0.8566607745460388,0.8566713373575654,0.31046119235095615,8.451068616422948,0.6619572553430821
small_margin,0.7505894295586667,0.8571428571428571,0.8571490887149957,0.31335368793186563,8.520488510364775,0.6591804595854089
small_margin,0.7538517191364,0.8579463281375542,0.8579437816013471,0.3170496545074723,8.609191708179335,0.6556323316728265
small_margin,0.7571140087141334,0.8579463281375542,0.8579392356217345,0.3197814558894424,8.674754941346619,0.6530098023461353
small_margin,0.7603762982918667,0.8587497991322514,0.8587352578574408,0.32363811666398845,8.767314799935724,0.649307408002571
small_margin,0.7636385878696,0.8592318817290696,0.8592044380913334,0.3270126948417162,8.848304676201188,0.6460678129519525
small_margin,0.7669008774473334,0.859392575928009,0.8593593495697669,0.3295838020247469,8.910011248593927,0.6435995500562429
small_margin,0.7701631670250667,0.8595532701269484,0.8595219137674339,0.332315603406717,8.975574481761207,0.6409770207295518
small_margin,0.7734254566028,0.8598746585248273,0.8598434389193109,0.33520809898762655,9.044994375703038,0.6382002249718786
small_margin,0.7766877461805334,0.8605174353205849,0.8604858446560107,0.33777920617065726,9.106700948095774,0.635731962076169
small_margin,0.7799500357582667,0.8608388237184638,0.860806031163774,0.3424393379399004,9.218544110557609,0.6312582355776957
small_margin,0.783212325336,0.8619636831110397,0.8619147828702233,0.34533183352080987,9.287964004499438,0.6284814398200225
small_margin,0.7864746149137334,0.8624457657078579,0.8623915393528094,0.3482243291017194,9.357383898441265,0.6257046440623494
small_margin,0.7897369044914667,0.8627671541057368,0.8627041425236063,0.35031335368793187,9.407520488510364,0.6236991804595855
small_margin,0.7929991940692,0.8627671541057368,0.8626928241146758,0.35368793186565967,9.488510364775832,0.6204595854089667
small_margin,0.7962614836469334,0.8622850715089185,0.862221671585481,0.35706251004338746,9.569500241041299,0.6172199903583481
small_margin,0.7995237732246667,0.8629278483046762,0.8628634088608099,0.36091917081793345,9.662060099630404,0.6135175960147838
small_margin,0.8027860628024001,0.8630885425036157,0.8630256933416426,0.36397236059778243,9.735336654346778,0.6105865338261289
small_margin,0.8060483523801334,0.863249236702555,0.86317935463369,0.3673469387755102,9.816326530612246,0.6073469387755102
small_margin,0.8093106419578667,0.8634099309014944,0.8633374073873712,0.37104290535111684,9.905029728426804,0.6037988108629279
small_margin,0.8125729315356001,0.8638920134983127,0.8638272054502084,0.3752209545235417,10.005302908565001,0.5997878836574
small_margin,0.8158352211133334,0.8640527076972522,0.8639894955532185,0.3789169210991483,10.09400610637956,0.5962397557448176
small_margin,0.8190975106910667,0.8648561786919492,0.8647781795970092,0.383416358669452,10.201992608066849,0.591920295677326
small_margin,0.8223598002688001,0.8653382612887675,0.8652649564793616,0.3867909368471798,10.282982484332315,0.5886807006267074
small_margin,0.8256220898465334,0.8658203438855857,0.8657543677537525,0.3890406556323317,10.33697573517596,0.5865209705929616
small_margin,0.8288843794242667,0.8667845090792222,0.8667224422685256,0.3945042583962719,10.468102201510526,0.581275911939579
small_margin,0.8321466690020001,0.8669452032781617,0.8668876249785286,0.39868230756869677,10.568375381648723,0.5772649847340511
small_margin,0.8354089585797334,0.8677486742728587,0.8676777420790931,0.4033424393379399,10.680218544110557,0.5727912582355776
small_margin,0.8386712481574667,0.8679093684717981,0.8678316213192248,0.4070384059135465,10.768921741925116,0.5692431303229954
small_margin,0.8419335377352001,0.8680700626707376,0.8679849555256569,0.4123413144785473,10.896191547485136,0.5641523381005946
small_margin,0.8451958273129334,0.8680700626707376,0.8679909137260567,0.41635866945203276,10.992608066848787,0.5602956773260486
small_margin,0.8484581168906667,0.868230756869677,0.8681500886851641,0.4210188012212759,11.104451229310621,0.5558219508275751
small_margin,0.8517204064684001,0.8685521452675559,0.8684703158952424,0.4266430981841556,11.239434356419734,0.5504226257432107
small_margin,0.8549826960461334,0.8690342278643741,0.8689502404328096,0.4333922545396111,11.401414108950668,0.5439434356419732
small_margin,0.8582449856238668,0.8695163104611924,0.8694330068307717,0.437570303712036,11.501687289088864,0.5399325084364455
small_margin,0.8615072752016001,0.87015908725695,0.8700680101562903,0.44303390647597624,11.63281375542343,0.5346874497830628
small_margin,0.8647695647793334,0.8706411698537683,0.8705564599487563,0.4480154266430982,11.752370239434358,0.5299051904226257
small_margin,0.8680318543570668,0.8706411698537683,0.8705517956824113,0.4541218062027961,11.898923348867106,0.5240430660453157
small_margin,0.8712941439348001,0.8709625582516471,0.8708626279208659,0.46006749156355453,12.041619797525309,0.5183352080989876
small_margin,0.8745564335125334,0.8711232524505865,0.8710180495580909,0.4661738711232524,12.188172906958057,0.5124730837216778
small_margin,0.8778187230902668,0.8712839466495259,0.8711831875304024,0.47244094488188976,12.338582677165356,0.5064566929133858
small_margin,0.8810810126680001,0.8716053350474048,0.8714942048208281,0.47790454764582996,12.46970914349992,0.5012116342600033
small_margin,0.8843433022457334,0.8719267234452837,0.871818490147514,0.48385023300658847,12.612405592158122,0.49550377631367515
small_margin,0.8876055918234668,0.872087417644223,0.8719836071693685,0.4897959183673469,12.755102040816325,0.48979591836734704
small_margin,0.8908678814012001,0.872087417644223,0.8719805073991381,0.49670576892174195,12.920938454121806,0.4831624618351278
small_margin,0.8941301709789334,0.8724088060421019,0.8722981276407609,0.5026514542825004,13.06363490278001,0.4774546038887997
small_margin,0.8973924605566668,0.8728908886389202,0.872774093030495,0.5092399164390166,13.221757994536398,0.47112968021854407
small_margin,0.9006547501344001,0.8728908886389202,0.8727695591528618,0.5166318495902298,13.399164390165515,0.46403342439337936
small_margin,0.9039170397121334,0.8732122770367989,0.8730809905620434,0.5222561465531095,13.534147517274628,0.4586340993090149
small_margin,0.9071793292898668,0.8732122770367989,0.8730708244913451,0.5312550216937169,13.750120520649205,0.44999517917403187
small_margin,0.9104416188676001,0.8732122770367989,0.8730737826569044,0.5391290374417483,13.93909689860196,0.4424361240559216
small_margin,0.9137039084453334,0.8730515828378596,0.8729057177860745,0.5458781937972039,14.101076651132894,0.43595693395468427
small_margin,0.9169661980230668,0.8732122770367989,0.8730602294025083,0.5563233167282661,14.351759601478387,0.42592961594086454
small_margin,0.9202284876008001,0.8736943596336172,0.8735363718181668,0.5678932990519042,14.6294391772457,0.41482243291017196
small_margin,0.9234907771785335,0.8741764422304354,0.8740069210433796,0.5793025871766029,14.903262092238469,0.4038695163104612
small_margin,0.9267530667562668,0.8743371364293749,0.874172499205762,0.5913546520970593,15.192511650329422,0.39229953398682316
small_margin,0.9300153563340001,0.8748192190261932,0.8746614036610493,0.6051743532058492,15.524184476940382,0.37903262092238466
small_margin,0.9332776459117335,0.8754619958219508,0.8753067363060005,0.6188333601156998,15.852000642776796,0.3659199742889282
small_margin,0.9365399354894668,0.8759440784187691,0.8757993070471981,0.6345813916117629,16.22995339868231,0.35080186405270763
small_margin,0.9398022250672001,0.8757833842198297,0.8756299993129546,0.6508115057046441,16.619476136911455,0.33522095452354184
small_margin,0.9430645146449335,0.8757833842198297,0.8756402820970977,0.6667202313996464,17.00128555359151,0.31994857785633957
small_margin,0.9463268042226668,0.8759440784187691,0.8757930321775542,0.6863249236702555,17.47179816808613,0.3011280732765548
small_margin,0.9495890938004001,0.8757833842198297,0.8756363582218538,0.7036798971557127,17.888317531737105,0.2844672987305158
small_margin,0.9528513833781335,0.8764261610155873,0.8762793461221345,0.7224811184316247,18.339546842358992,0.2664181263056403
small_margin,0.9561136729558668,0.8765868552145267,0.8764410210837905,0.7420858107022337,18.810059456853608,0.24759762172585564
small_margin,0.9593759625336001,0.8767475494134662,0.8766083403080182,0.7671541057367829,19.41169853768279,0.22353205849268842
small_margin,0.9626382521113335,0.877068937811345,0.8769330405265368,0.7939900369596657,20.055760887031976,0.19776956451872096
small_margin,0.9659005416890668,0.877068937811345,0.876930644403769,0.8303069259199742,20.92736622207938,0.1629053511168247
small_margin,0.9691628312668001,0.8765868552145267,0.8764521527415294,0.8699983930580106,21.879961433392253,0.12480154266430987
small_margin,0.9724251208445335,0.876265466816648,0.8761440821052235,0.919331512132412,23.063956291177888,0.07744174835288442
small_margin,0.9756874104222667,0.8764261610155873,0.8763033512060907,0.971557126787723,24.317371042905354,0.02730515828378588
small_margin,0.9789497,0.8764261610155873,0.8763033512060907,1.0,25.0,0.0
